Waveno.;Adjusted
0,5;1,24E-05
1,5;8,68E-05
2,5;2,30E-04
3,5;4,35E-04
4,5;6,91E-04
5,5;9,76E-04
6,5;1,26E-03
7,5;1,73E-03
8,5;2,12E-03
9,5;2,57E-03
10,5;2,88E-03
11,5;3,45E-03
12,5;3,35E-03
13,5;4,29E-03
14,5;4,31E-03
15,5;4,86E-03
16,5;5,65E-03
17,5;5,78E-03
18,5;2,83E-03
19,5;6,87E-03
20,5;8,01E-03
21,5;8,95E-03
22,5;1,06E-02
23,5;1,10E-02
24,5;9,43E-03
25,5;8,02E-03
26,5;1,35E-02
27,5;1,39E-02
28,5;1,50E-02
29,5;1,74E-02
30,5;1,58E-02
31,5;1,84E-02
32,5;1,24E-02
33,5;1,52E-02
34,5;1,74E-02
35,5;1,85E-02
36,5;5,67E-03
37,5;1,02E-02
38,5;5,48E-03
39,5;1,55E-02
40,5;7,95E-03
41,5;1,96E-02
42,5;2,82E-02
43,5;3,02E-02
44,5;2,86E-02
45,5;3,37E-02
46,5;2,09E-02
47,5;2,09E-02
48,5;3,50E-02
49,5;4,05E-02
50,5;4,18E-02
51,5;3,91E-02
52,5;3,68E-02
53,5;1,98E-02
54,5;2,62E-02
55,5;2,47E-03
56,5;1,42E-02
57,5;9,34E-03
58,5;2,73E-02
59,5;3,21E-02
60,5;4,20E-02
61,5;4,71E-02
62,5;2,36E-02
63,5;3,43E-02
64,5;3,35E-02
65,5;5,76E-02
66,5;6,30E-02
67,5;4,56E-02
68,5;3,81E-02
69,5;3,93E-02
70,5;6,06E-02
71,5;3,96E-02
72,5;1,60E-02
73,5;1,56E-02
74,5;2,55E-02
75,5;1,92E-02
76,5;6,22E-02
77,5;6,69E-02
78,5;2,98E-02
79,5;1,70E-02
80,5;4,92E-02
81,5;5,10E-02
82,5;3,68E-02
83,5;8,62E-02
84,5;8,85E-02
85,5;7,46E-02
86,5;7,22E-02
87,5;2,29E-02
88,5;1,06E-02
89,5;3,76E-02
90,5;7,69E-02
91,5;4,66E-02
92,5;4,77E-03
93,5;5,20E-02
94,5;8,88E-02
95,5;8,06E-02
96,5;5,38E-02
97,5;9,44E-02
98,5;3,67E-02
99,5;1,97E-02
100,5;7,55E-03
101,5;3,78E-02
102,5;1,05E-01
103,5;9,51E-02
104,5;1,73E-02
105,5;3,11E-02
106,5;8,06E-02
107,5;6,61E-02
108,5;1,30E-01
109,5;1,28E-01
110,5;7,06E-02
111,5;4,46E-02
112,5;1,32E-01
113,5;1,52E-01
114,5;1,56E-01
115,5;1,59E-01
116,5;1,33E-01
117,5;1,13E-01
118,5;1,23E-01
119,5;9,36E-02
120,5;5,14E-02
121,5;3,80E-02
122,5;5,04E-02
123,5;1,15E-01
124,5;1,40E-01
125,5;1,22E-01
126,5;3,50E-02
127,5;4,17E-02
128,5;1,13E-01
129,5;1,66E-01
130,5;1,41E-01
131,5;7,87E-02
132,5;1,23E-02
133,5;6,34E-02
134,5;1,62E-01
135,5;1,72E-01
136,5;1,99E-01
137,5;1,84E-01
138,5;8,48E-02
139,5;2,90E-02
140,5;4,42E-02
141,5;1,17E-01
142,5;2,05E-01
143,5;2,19E-01
144,5;2,13E-01
145,5;2,14E-01
146,5;2,06E-01
147,5;1,58E-01
148,5;6,13E-02
149,5;2,48E-02
150,5;5,47E-03
151,5;4,90E-02
152,5;1,17E-01
153,5;3,88E-02
154,5;1,83E-01
155,5;2,28E-01
156,5;1,62E-01
157,5;7,80E-02
158,5;1,41E-01
159,5;2,50E-01
160,5;2,33E-01
161,5;2,14E-01
162,5;2,71E-01
163,5;2,68E-01
164,5;2,74E-01
165,5;2,44E-01
166,5;9,76E-02
167,5;2,28E-01
168,5;1,92E-01
169,5;1,01E-01
170,5;1,46E-02
171,5;1,52E-01
172,5;2,00E-01
173,5;5,92E-02
174,5;2,40E-01
175,5;1,93E-01
176,5;1,33E-01
177,5;4,45E-02
178,5;1,93E-01
179,5;2,64E-01
180,5;2,78E-01
181,5;1,47E-01
182,5;3,08E-01
183,5;2,18E-01
184,5;3,16E-01
185,5;3,30E-01
186,5;3,01E-01
187,5;2,06E-01
188,5;1,06E-01
189,5;3,06E-01
190,5;3,46E-01
191,5;3,57E-01
192,5;3,47E-01
193,5;2,24E-01
194,5;2,20E-01
195,5;2,76E-01
196,5;3,46E-01
197,5;2,54E-01
198,5;3,42E-01
199,5;3,26E-01
200,5;2,23E-01
201,5;1,60E-01
202,5;1,18E-02
203,5;9,64E-02
204,5;2,67E-01
205,5;3,31E-01
206,5;3,27E-01
207,5;1,94E-01
208,5;3,22E-02
209,5;2,44E-01
210,5;2,90E-01
211,5;3,63E-01
212,5;2,82E-01
213,5;2,49E-01
214,5;1,85E-01
215,5;3,12E-01
216,5;4,12E-01
217,5;4,36E-01
218,5;4,36E-01
219,5;4,20E-01
220,5;3,56E-01
221,5;8,47E-02
222,5;2,75E-01
223,5;2,10E-01
224,5;3,57E-01
225,5;2,58E-01
226,5;8,49E-02
227,5;5,82E-02
228,5;1,70E-01
229,5;3,76E-01
230,5;3,84E-01
231,5;3,99E-01
232,5;4,45E-01
233,5;3,96E-01
234,5;5,11E-01
235,5;5,10E-01
236,5;5,25E-01
237,5;5,26E-01
238,5;5,32E-01
239,5;5,34E-01
240,5;5,34E-01
241,5;5,32E-01
242,5;5,05E-01
243,5;4,84E-01
244,5;2,86E-01
245,5;6,42E-02
246,5;3,27E-01
247,5;1,60E-01
248,5;1,92E-01
249,5;4,05E-01
250,5;4,77E-01
251,5;4,23E-01
252,5;3,88E-01
253,5;1,31E-01
254,5;1,72E-01
255,5;4,25E-01
256,5;4,40E-01
257,5;5,28E-01
258,5;5,74E-01
259,5;5,92E-01
260,5;6,14E-01
261,5;6,24E-01
262,5;6,18E-01
263,5;5,49E-01
264,5;6,13E-01
265,5;5,04E-01
266,5;3,09E-01
267,5;5,69E-01
268,5;6,43E-01
269,5;6,55E-01
270,5;6,56E-01
271,5;6,13E-01
272,5;6,33E-01
273,5;6,11E-01
274,5;6,06E-01
275,5;4,31E-01
276,5;2,99E-01
277,5;3,48E-01
278,5;9,94E-02
279,5;4,36E-01
280,5;2,79E-01
281,5;3,07E-01
282,5;2,01E-01
283,5;5,16E-01
284,5;6,08E-01
285,5;6,07E-01
286,5;6,54E-01
287,5;6,40E-01
288,5;5,56E-01
289,5;2,01E-01
290,5;4,73E-01
291,5;6,77E-01
292,5;7,37E-01
293,5;7,64E-01
294,5;7,78E-01
295,5;7,15E-01
296,5;7,80E-01
297,5;7,59E-01
298,5;5,79E-01
299,5;6,79E-01
300,5;6,50E-01
301,5;4,04E-01
302,5;2,92E-01
303,5;2,89E-01
304,5;5,88E-01
305,5;6,90E-01
306,5;7,10E-01
307,5;7,80E-01
308,5;7,89E-01
309,5;6,76E-01
310,5;8,34E-01
311,5;8,06E-01
312,5;8,48E-01
313,5;8,06E-01
314,5;5,31E-01
315,5;5,64E-01
316,5;8,30E-01
317,5;8,69E-01
318,5;8,76E-01
319,5;8,60E-01
320,5;7,96E-01
321,5;7,49E-01
322,5;6,77E-01
323,5;2,32E-01
324,5;5,23E-01
325,5;6,79E-01
326,5;7,03E-01
327,5;3,41E-01
328,5;5,36E-01
329,5;7,93E-01
330,5;8,51E-01
331,5;8,73E-01
332,5;8,78E-01
333,5;8,27E-01
334,5;5,00E-01
335,5;3,88E-01
336,5;8,18E-01
337,5;8,99E-01
338,5;9,28E-01
339,5;8,74E-01
340,5;5,53E-01
341,5;8,19E-01
342,5;8,83E-01
343,5;7,12E-01
344,5;9,57E-01
345,5;8,00E-01
346,5;9,29E-01
347,5;9,36E-01
348,5;8,38E-01
349,5;5,42E-01
350,5;7,49E-01
351,5;5,25E-01
352,5;6,87E-01
353,5;7,39E-01
354,5;4,04E-01
355,5;8,28E-01
356,5;7,71E-01
357,5;4,70E-01
358,5;7,18E-01
359,5;9,89E-01
360,5;1,08E+00
361,5;1,09E+00
362,5;1,06E+00
363,5;1,19E+00
364,5;1,23E+00
365,5;1,24E+00
366,5;1,23E+00
367,5;1,16E+00
368,5;1,10E+00
369,5;7,26E-01
370,5;7,77E-01
371,5;1,08E+00
372,5;1,09E+00
373,5;9,92E-01
374,5;6,78E-01
375,5;7,90E-01
376,5;7,63E-01
377,5;1,12E+00
378,5;1,04E+00
379,5;1,24E+00
380,5;1,19E+00
381,5;1,24E+00
382,5;1,22E+00
383,5;9,59E-01
384,5;7,34E-01
385,5;6,61E-01
386,5;1,11E+00
387,5;1,25E+00
388,5;1,30E+00
389,5;1,28E+00
390,5;1,32E+00
391,5;1,29E+00
392,5;1,25E+00
393,5;1,10E+00
394,5;8,26E-01
395,5;1,03E+00
396,5;6,66E-01
397,5;5,86E-01
398,5;9,03E-01
399,5;9,90E-01
400,5;9,27E-01
401,5;1,35E+00
402,5;1,46E+00
403,5;1,53E+00
404,5;1,57E+00
405,5;1,42E+00
406,5;1,59E+00
407,5;1,59E+00
408,5;1,59E+00
409,5;1,56E+00
410,5;1,56E+00
411,5;1,53E+00
412,5;1,50E+00
413,5;1,45E+00
414,5;1,31E+00
415,5;1,30E+00
416,5;1,20E+00
417,5;9,57E-01
418,5;6,51E-01
419,5;6,37E-01
420,5;9,54E-01
421,5;1,27E+00
422,5;1,20E+00
423,5;1,21E+00
424,5;1,47E+00
425,5;1,21E+00
426,5;1,20E+00
427,5;1,63E+00
428,5;1,60E+00
429,5;1,65E+00
430,5;1,41E+00
431,5;1,12E+00
432,5;1,66E+00
433,5;1,74E+00
434,5;1,51E+00
435,5;1,65E+00
436,5;1,40E+00
437,5;1,72E+00
438,5;1,74E+00
439,5;1,69E+00
440,5;1,56E+00
441,5;1,01E+00
442,5;1,04E+00
443,5;1,26E+00
444,5;1,59E+00
445,5;1,69E+00
446,5;1,33E+00
447,5;1,53E+00
448,5;1,75E+00
449,5;1,70E+00
450,5;1,65E+00
451,5;1,53E+00
452,5;1,25E+00
453,5;1,41E+00
454,5;1,56E+00
455,5;1,46E+00
456,5;1,11E+00
457,5;7,61E-01
458,5;1,09E+00
459,5;1,50E+00
460,5;1,64E+00
461,5;1,51E+00
462,5;1,84E+00
463,5;1,81E+00
464,5;1,96E+00
465,5;1,89E+00
466,5;1,75E+00
467,5;1,60E+00
468,5;1,56E+00
469,5;1,76E+00
470,5;1,60E+00
471,5;1,40E+00
472,5;6,94E-01
473,5;1,31E+00
474,5;1,69E+00
475,5;1,83E+00
476,5;1,72E+00
477,5;1,96E+00
478,5;1,98E+00
479,5;2,01E+00
480,5;1,84E+00
481,5;1,81E+00
482,5;1,79E+00
483,5;1,25E+00
484,5;1,28E+00
485,5;1,77E+00
486,5;1,79E+00
487,5;2,06E+00
488,5;2,12E+00
489,5;2,04E+00
490,5;2,06E+00
491,5;1,60E+00
492,5;1,50E+00
493,5;2,05E+00
494,5;2,04E+00
495,5;2,23E+00
496,5;2,24E+00
497,5;2,23E+00
498,5;2,18E+00
499,5;2,04E+00
500,5;1,90E+00
501,5;1,60E+00
502,5;1,19E+00
503,5;1,80E+00
504,5;1,76E+00
505,5;1,85E+00
506,5;1,24E+00
507,5;1,41E+00
508,5;1,93E+00
509,5;2,06E+00
510,5;1,70E+00
511,5;1,89E+00
512,5;2,08E+00
513,5;2,16E+00
514,5;1,92E+00
515,5;1,86E+00
516,5;1,35E+00
517,5;1,27E+00
518,5;1,71E+00
519,5;1,33E+00
520,5;1,83E+00
521,5;2,17E+00
522,5;2,23E+00
523,5;2,17E+00
524,5;1,97E+00
525,5;1,42E+00
526,5;1,52E+00
527,5;2,07E+00
528,5;2,19E+00
529,5;2,36E+00
530,5;2,44E+00
531,5;2,46E+00
532,5;2,41E+00
533,5;2,39E+00
534,5;2,29E+00
535,5;2,10E+00
536,5;1,53E+00
537,5;2,32E+00
538,5;2,44E+00
539,5;2,38E+00
540,5;2,17E+00
541,5;1,92E+00
542,5;2,38E+00
543,5;2,34E+00
544,5;1,89E+00
545,5;1,36E+00
546,5;1,48E+00
547,5;1,77E+00
548,5;2,15E+00
549,5;2,01E+00
550,5;1,92E+00
551,5;2,45E+00
552,5;2,31E+00
553,5;2,43E+00
554,5;1,67E+00
555,5;2,33E+00
556,5;2,48E+00
557,5;2,22E+00
558,5;2,52E+00
559,5;2,51E+00
560,5;2,50E+00
561,5;2,53E+00
562,5;2,22E+00
563,5;1,67E+00
564,5;2,31E+00
565,5;2,33E+00
566,5;1,92E+00
567,5;1,39E+00
568,5;1,83E+00
569,5;1,37E+00
570,5;2,12E+00
571,5;1,94E+00
572,5;2,29E+00
573,5;2,32E+00
574,5;2,14E+00
575,5;1,78E+00
576,5;1,47E+00
577,5;1,99E+00
578,5;2,20E+00
579,5;1,88E+00
580,5;1,32E+00
581,5;1,64E+00
582,5;1,81E+00
583,5;2,21E+00
584,5;1,44E+00
585,5;1,74E+00
586,5;2,11E+00
587,5;1,74E+00
588,5;1,55E+00
589,5;1,01E+00
590,5;1,37E+00
591,5;1,10E+00
592,5;1,30E+00
593,5;1,33E+00
594,5;1,48E+00
595,5;1,19E+00
596,5;9,65E-01
597,5;1,18E+00
598,5;1,17E+00
599,5;1,37E+00
600,5;1,36E+00
601,5;1,10E+00
602,5;1,58E+00
603,5;1,22E+00
604,5;9,65E-01
605,5;1,56E+00
606,5;1,07E+00
607,5;9,83E-01
608,5;1,38E+00
609,5;9,88E-01
610,5;1,17E+00
611,5;1,17E+00
612,5;9,03E-01
613,5;1,18E+00
614,5;8,85E-01
615,5;8,25E-01
616,5;3,46E-01
617,5;1,71E-02
618,5;5,91E-01
619,5;8,77E-01
620,5;1,02E+00
621,5;1,21E+00
622,5;6,23E-01
623,5;9,77E-01
624,5;8,31E-01
625,5;3,74E-01
626,5;6,43E-01
627,5;5,60E-01
628,5;4,19E-01
629,5;4,35E-01
630,5;3,25E-01
631,5;4,01E-01
632,5;2,44E-01
633,5;2,08E-01
634,5;2,94E-01
635,5;1,67E-01
636,5;1,38E-01
637,5;1,93E-01
638,5;1,28E-01
639,5;1,05E-01
640,5;1,61E-01
641,5;1,01E-01
642,5;6,86E-02
643,5;8,71E-02
644,5;4,34E-02
645,5;7,28E-02
646,5;8,51E-02
647,5;1,61E-02
648,5;2,18E-02
649,5;8,57E-03
650,5;6,85E-03
651,5;2,94E-02
652,5;2,18E-02
653,5;4,76E-03
654,5;2,07E-02
655,5;1,32E-02
656,5;5,74E-03
657,5;1,59E-02
658,5;1,22E-02
659,5;6,84E-03
660,5;1,83E-02
661,5;8,78E-03
662,5;8,95E-03
663,5;6,95E-03
664,5;2,23E-03
665,5;2,31E-03
666,5;6,72E-04
667,5;4,13E-05
668,5;-8,26E-05
669,5;3,10E-04
670,5;8,85E-02
671,5;4,81E-03
672,5;7,70E-03
673,5;1,21E-02
674,5;1,31E-03
675,5;1,31E-02
676,5;1,09E-02
677,5;3,25E-03
678,5;1,50E-02
679,5;9,40E-03
680,5;7,55E-03
681,5;1,79E-02
682,5;4,48E-03
683,5;1,75E-02
684,5;2,03E-02
685,5;6,54E-03
686,5;3,41E-02
687,5;2,02E-02
688,5;2,76E-02
689,5;5,18E-02
690,5;1,63E-02
691,5;7,10E-02
692,5;7,43E-02
693,5;3,85E-02
694,5;1,38E-01
695,5;8,09E-02
696,5;1,06E-01
697,5;1,95E-01
698,5;8,84E-02
699,5;2,70E-01
700,5;2,04E-01
701,5;2,00E-01
702,5;3,36E-01
703,5;2,73E-01
704,5;3,36E-01
705,5;3,71E-01
706,5;4,81E-01
707,5;5,58E-01
708,5;4,43E-01
709,5;5,38E-01
710,5;6,46E-01
711,5;7,02E-01
712,5;8,12E-01
713,5;5,34E-01
714,5;1,02E+00
715,5;9,23E-01
716,5;7,71E-01
717,5;1,08E+00
718,5;4,07E-01
719,5;1,54E-01
720,5;1,59E-02
721,5;6,05E-01
722,5;1,14E+00
723,5;1,14E+00
724,5;1,56E+00
725,5;1,07E+00
726,5;1,43E+00
727,5;1,32E+00
728,5;9,10E-01
729,5;1,21E+00
730,5;8,83E-01
731,5;9,44E-01
732,5;1,55E+00
733,5;1,04E+00
734,5;1,12E+00
735,5;1,64E+00
736,5;1,03E+00
737,5;1,17E+00
738,5;1,68E+00
739,5;1,10E+00
740,5;1,03E+00
741,5;7,79E-01
742,5;1,25E+00
743,5;1,50E+00
744,5;1,66E+00
745,5;1,52E+00
746,5;1,77E+00
747,5;2,24E+00
748,5;1,61E+00
749,5;1,93E+00
750,5;2,44E+00
751,5;1,87E+00
752,5;1,92E+00
753,5;2,32E+00
754,5;1,70E+00
755,5;2,28E+00
756,5;2,69E+00
757,5;2,29E+00
758,5;2,68E+00
759,5;2,99E+00
760,5;2,57E+00
761,5;2,75E+00
762,5;3,18E+00
763,5;2,84E+00
764,5;2,93E+00
765,5;3,25E+00
766,5;2,97E+00
767,5;2,94E+00
768,5;2,88E+00
769,5;2,85E+00
770,5;2,87E+00
771,5;3,11E+00
772,5;3,18E+00
773,5;3,27E+00
774,5;3,14E+00
775,5;2,60E+00
776,5;2,81E+00
777,5;2,80E+00
778,5;3,14E+00
779,5;2,85E+00
780,5;3,23E+00
781,5;3,30E+00
782,5;3,23E+00
783,5;3,09E+00
784,5;2,22E+00
785,5;3,11E+00
786,5;3,27E+00
787,5;3,32E+00
788,5;3,32E+00
789,5;3,32E+00
790,5;3,30E+00
791,5;2,32E+00
792,5;2,76E+00
793,5;2,77E+00
794,5;3,04E+00
795,5;2,40E+00
796,5;2,73E+00
797,5;2,80E+00
798,5;2,02E+00
799,5;2,91E+00
800,5;3,21E+00
801,5;3,21E+00
802,5;3,10E+00
803,5;2,50E+00
804,5;3,19E+00
805,5;3,31E+00
806,5;3,16E+00
807,5;3,19E+00
808,5;2,77E+00
809,5;3,26E+00
810,5;3,31E+00
811,5;3,37E+00
812,5;3,29E+00
813,5;2,99E+00
814,5;2,83E+00
815,5;3,28E+00
816,5;3,37E+00
817,5;3,35E+00
818,5;3,35E+00
819,5;3,40E+00
820,5;3,36E+00
821,5;3,37E+00
822,5;3,38E+00
823,5;3,37E+00
824,5;3,33E+00
825,5;3,07E+00
826,5;3,34E+00
827,5;2,80E+00
828,5;3,28E+00
829,5;3,37E+00
830,5;3,38E+00
831,5;3,38E+00
832,5;3,38E+00
833,5;3,38E+00
834,5;3,38E+00
835,5;3,26E+00
836,5;3,37E+00
837,5;3,37E+00
838,5;3,35E+00
839,5;2,99E+00
840,5;3,09E+00
841,5;3,20E+00
842,5;3,32E+00
843,5;3,36E+00
844,5;3,36E+00
845,5;3,35E+00
846,5;3,35E+00
847,5;3,35E+00
848,5;3,32E+00
849,5;2,78E+00
850,5;3,28E+00
851,5;3,25E+00
852,5;2,35E+00
853,5;3,06E+00
854,5;2,72E+00
855,5;3,27E+00
856,5;3,32E+00
857,5;3,32E+00
858,5;3,25E+00
859,5;3,28E+00
860,5;3,32E+00
861,5;3,32E+00
862,5;3,32E+00
863,5;3,31E+00
864,5;3,18E+00
865,5;2,95E+00
866,5;3,29E+00
867,5;3,30E+00
868,5;3,30E+00
869,5;3,29E+00
870,5;3,23E+00
871,5;2,79E+00
872,5;3,27E+00
873,5;3,29E+00
874,5;3,28E+00
875,5;3,27E+00
876,5;3,27E+00
877,5;3,26E+00
878,5;2,88E+00
879,5;3,25E+00
880,5;3,23E+00
881,5;3,13E+00
882,5;3,24E+00
883,5;2,90E+00
884,5;3,19E+00
885,5;3,24E+00
886,5;3,16E+00
887,5;2,71E+00
888,5;3,03E+00
889,5;3,21E+00
890,5;3,14E+00
891,5;3,11E+00
892,5;3,22E+00
893,5;3,22E+00
894,5;3,22E+00
895,5;3,21E+00
896,5;3,19E+00
897,5;3,15E+00
898,5;3,20E+00
899,5;3,20E+00
900,5;3,20E+00
901,5;3,20E+00
902,5;3,18E+00
903,5;3,19E+00
904,5;3,18E+00
905,5;3,15E+00
906,5;3,00E+00
907,5;3,15E+00
908,5;2,78E+00
909,5;2,92E+00
910,5;3,08E+00
911,5;3,15E+00
912,5;3,15E+00
913,5;3,09E+00
914,5;3,09E+00
915,5;3,14E+00
916,5;3,13E+00
917,5;3,13E+00
918,5;3,00E+00
919,5;3,12E+00
920,5;3,10E+00
921,5;2,96E+00
922,5;2,77E+00
923,5;3,10E+00
924,5;2,91E+00
925,5;2,89E+00
926,5;3,09E+00
927,5;3,08E+00
928,5;3,04E+00
929,5;3,05E+00
930,5;3,07E+00
931,5;3,05E+00
932,5;3,03E+00
933,5;3,06E+00
934,5;3,01E+00
935,5;3,06E+00
936,5;2,98E+00
937,5;3,05E+00
938,5;2,95E+00
939,5;3,06E+00
940,5;2,90E+00
941,5;2,99E+00
942,5;2,91E+00
943,5;3,04E+00
944,5;2,82E+00
945,5;2,94E+00
946,5;2,93E+00
947,5;2,83E+00
948,5;2,55E+00
949,5;2,85E+00
950,5;3,01E+00
951,5;2,87E+00
952,5;2,88E+00
953,5;2,82E+00
954,5;2,84E+00
955,5;2,73E+00
956,5;2,90E+00
957,5;2,92E+00
958,5;2,99E+00
959,5;2,84E+00
960,5;2,97E+00
961,5;2,94E+00
962,5;2,98E+00
963,5;2,92E+00
964,5;2,88E+00
965,5;2,91E+00
966,5;2,75E+00
967,5;2,81E+00
968,5;2,93E+00
969,5;2,80E+00
970,5;2,75E+00
971,5;2,61E+00
972,5;2,87E+00
973,5;2,56E+00
974,5;2,69E+00
975,5;2,66E+00
976,5;2,76E+00
977,5;2,62E+00
978,5;2,75E+00
979,5;2,77E+00
980,5;2,78E+00
981,5;2,79E+00
982,5;2,77E+00
983,5;2,76E+00
984,5;2,71E+00
985,5;2,77E+00
986,5;2,75E+00
987,5;2,73E+00
988,5;2,73E+00
989,5;2,71E+00
990,5;2,67E+00
991,5;2,66E+00
992,5;2,66E+00
993,5;2,65E+00
994,5;2,58E+00
995,5;2,56E+00
996,5;2,57E+00
997,5;2,50E+00
998,5;2,36E+00
999,5;2,38E+00
1000,5;2,27E+00
1001,5;2,37E+00
1002,5;2,29E+00
1003,5;2,18E+00
1004,5;2,13E+00
1005,5;2,18E+00
1006,5;2,14E+00
1007,5;1,99E+00
1008,5;2,04E+00
1009,5;1,88E+00
1010,5;1,69E+00
1011,5;1,83E+00
1012,5;1,84E+00
1013,5;1,74E+00
1014,5;1,44E+00
1015,5;1,64E+00
1016,5;1,59E+00
1017,5;1,45E+00
1018,5;1,48E+00
1019,5;1,51E+00
1020,5;1,40E+00
1021,5;1,42E+00
1022,5;1,38E+00
1023,5;1,39E+00
1024,5;1,30E+00
1025,5;1,32E+00
1026,5;1,29E+00
1027,5;1,27E+00
1028,5;1,13E+00
1029,5;1,13E+00
1030,5;1,23E+00
1031,5;1,23E+00
1032,5;1,18E+00
1033,5;1,25E+00
1034,5;1,22E+00
1035,5;1,24E+00
1036,5;1,18E+00
1037,5;1,19E+00
1038,5;1,17E+00
1039,5;1,05E+00
1040,5;1,10E+00
1041,5;1,14E+00
1042,5;1,67E+00
1043,5;1,70E+00
1044,5;1,64E+00
1045,5;1,50E+00
1046,5;1,24E+00
1047,5;1,24E+00
1048,5;1,12E+00
1049,5;1,02E+00
1050,5;8,74E-01
1051,5;1,01E+00
1052,5;8,89E-01
1053,5;9,07E-01
1054,5;9,72E-01
1055,5;9,18E-01
1056,5;1,04E+00
1057,5;1,02E+00
1058,5;1,10E+00
1059,5;1,20E+00
1060,5;1,17E+00
1061,5;1,37E+00
1062,5;1,39E+00
1063,5;1,61E+00
1064,5;1,71E+00
1065,5;1,72E+00
1066,5;1,44E+00
1067,5;1,96E+00
1068,5;2,05E+00
1069,5;2,12E+00
1070,5;2,10E+00
1071,5;2,15E+00
1072,5;2,18E+00
1073,5;2,15E+00
1074,5;1,78E+00
1075,5;2,28E+00
1076,5;2,26E+00
1077,5;2,23E+00
1078,5;2,24E+00
1079,5;2,25E+00
1080,5;2,36E+00
1081,5;2,18E+00
1082,5;2,27E+00
1083,5;2,27E+00
1084,5;2,28E+00
1085,5;2,15E+00
1086,5;2,31E+00
1087,5;2,28E+00
1088,5;2,33E+00
1089,5;2,33E+00
1090,5;2,24E+00
1091,5;1,91E+00
1092,5;2,33E+00
1093,5;2,35E+00
1094,5;2,34E+00
1095,5;2,37E+00
1096,5;2,36E+00
1097,5;2,37E+00
1098,5;2,33E+00
1099,5;1,90E+00
1100,5;2,24E+00
1101,5;1,80E+00
1102,5;2,28E+00
1103,5;2,33E+00
1104,5;2,32E+00
1105,5;2,29E+00
1106,5;1,66E+00
1107,5;2,14E+00
1108,5;2,27E+00
1109,5;2,30E+00
1110,5;2,20E+00
1111,5;1,58E+00
1112,5;2,21E+00
1113,5;2,27E+00
1114,5;2,26E+00
1115,5;2,26E+00
1116,5;2,25E+00
1117,5;2,14E+00
1118,5;2,22E+00
1119,5;2,21E+00
1120,5;1,82E+00
1121,5;1,56E+00
1122,5;2,16E+00
1123,5;2,18E+00
1124,5;2,20E+00
1125,5;2,20E+00
1126,5;2,21E+00
1127,5;2,20E+00
1128,5;2,22E+00
1129,5;2,17E+00
1130,5;2,18E+00
1131,5;2,16E+00
1132,5;2,15E+00
1133,5;2,09E+00
1134,5;1,98E+00
1135,5;1,12E+00
1136,5;1,69E+00
1137,5;1,46E+00
1138,5;2,05E+00
1139,5;2,10E+00
1140,5;2,10E+00
1141,5;2,04E+00
1142,5;2,09E+00
1143,5;2,07E+00
1144,5;2,10E+00
1145,5;2,08E+00
1146,5;2,02E+00
1147,5;2,01E+00
1148,5;1,96E+00
1149,5;1,40E+00
1150,5;1,87E+00
1151,5;1,56E+00
1152,5;1,49E+00
1153,5;1,93E+00
1154,5;1,87E+00
1155,5;1,97E+00
1156,5;2,00E+00
1157,5;2,01E+00
1158,5;1,96E+00
1159,5;1,95E+00
1160,5;1,98E+00
1161,5;1,97E+00
1162,5;1,95E+00
1163,5;1,88E+00
1164,5;1,69E+00
1165,5;1,04E+00
1166,5;1,79E+00
1167,5;1,98E+00
1168,5;2,02E+00
1169,5;1,91E+00
1170,5;1,89E+00
1171,5;1,87E+00
1172,5;1,80E+00
1173,5;1,28E+00
1174,5;7,47E-01
1175,5;1,50E+00
1176,5;1,70E+00
1177,5;1,82E+00
1178,5;1,75E+00
1179,5;1,87E+00
1180,5;1,63E+00
1181,5;1,83E+00
1182,5;1,87E+00
1183,5;1,85E+00
1184,5;1,74E+00
1185,5;1,64E+00
1186,5;1,13E+00
1187,5;1,06E+00
1188,5;1,69E+00
1189,5;1,82E+00
1190,5;1,74E+00
1191,5;1,63E+00
1192,5;1,79E+00
1193,5;1,74E+00
1194,5;1,86E+00
1195,5;1,83E+00
1196,5;1,73E+00
1197,5;1,45E+00
1198,5;1,01E+00
1199,5;1,71E+00
1200,5;1,85E+00
1201,5;1,79E+00
1202,5;1,83E+00
1203,5;1,83E+00
1204,5;1,87E+00
1205,5;1,75E+00
1206,5;1,61E+00
1207,5;1,78E+00
1208,5;1,71E+00
1209,5;1,65E+00
1210,5;1,42E+00
1211,5;8,36E-01
1212,5;7,91E-01
1213,5;1,52E+00
1214,5;1,60E+00
1215,5;1,54E+00
1216,5;1,58E+00
1217,5;1,53E+00
1218,5;8,69E-01
1219,5;1,41E+00
1220,5;1,34E+00
1221,5;1,31E+00
1222,5;1,44E+00
1223,5;1,43E+00
1224,5;1,04E+00
1225,5;7,17E-01
1226,5;1,30E+00
1227,5;1,62E+00
1228,5;1,52E+00
1229,5;1,30E+00
1230,5;1,44E+00
1231,5;1,75E+00
1232,5;1,66E+00
1233,5;1,52E+00
1234,5;1,71E+00
1235,5;1,52E+00
1236,5;1,10E+00
1237,5;1,09E+00
1238,5;1,24E+00
1239,5;1,15E+00
1240,5;1,20E+00
1241,5;1,15E+00
1242,5;1,05E+00
1243,5;7,70E-01
1244,5;5,96E-01
1245,5;8,41E-01
1246,5;1,07E+00
1247,5;9,81E-01
1248,5;1,15E+00
1249,5;9,91E-01
1250,5;1,20E+00
1251,5;1,04E+00
1252,5;9,72E-01
1253,5;5,62E-01
1254,5;8,29E-01
1255,5;9,84E-01
1256,5;8,49E-01
1257,5;9,45E-01
1258,5;6,72E-01
1259,5;3,79E-01
1260,5;2,32E-01
1261,5;5,28E-01
1262,5;5,94E-01
1263,5;5,19E-01
1264,5;6,95E-01
1265,5;3,84E-01
1266,5;5,01E-01
1267,5;4,55E-01
1268,5;3,06E-01
1269,5;3,38E-01
1270,5;2,99E-01
1271,5;1,46E-01
1272,5;3,59E-01
1273,5;5,18E-01
1274,5;6,09E-01
1275,5;4,33E-01
1276,5;5,19E-01
1277,5;4,91E-01
1278,5;6,69E-01
1279,5;6,02E-01
1280,5;4,89E-01
1281,5;5,09E-01
1282,5;4,66E-01
1283,5;3,65E-01
1284,5;5,53E-01
1285,5;8,10E-01
1286,5;5,71E-01
1287,5;2,68E-01
1288,5;2,26E-01
1289,5;4,73E-01
1290,5;4,97E-01
1291,5;6,64E-01
1292,5;4,43E-01
1293,5;4,15E-01
1294,5;3,68E-01
1295,5;3,94E-01
1296,5;2,90E-01
1297,5;2,00E-01
1298,5;4,63E-01
1299,5;3,50E-01
1300,5;3,44E-01
1301,5;2,35E-01
1302,5;2,11E-01
1303,5;1,12E-01
1304,5;9,66E-02
1305,5;4,84E-02
1306,5;1,58E-01
1307,5;4,52E-01
1308,5;3,53E-01
1309,5;5,06E-01
1310,5;6,05E-01
1311,5;3,98E-01
1312,5;2,60E-01
1313,5;2,45E-01
1314,5;3,71E-01
1315,5;5,16E-01
1316,5;2,94E-01
1317,5;3,41E-01
1318,5;2,52E-01
1319,5;2,30E-01
1320,5;2,81E-01
1321,5;4,87E-01
1322,5;4,38E-01
1323,5;4,93E-01
1324,5;6,15E-01
1325,5;7,57E-01
1326,5;5,48E-01
1327,5;2,00E-01
1328,5;6,47E-01
1329,5;4,73E-01
1330,5;6,45E-01
1331,5;6,67E-01
1332,5;1,30E-01
1333,5;5,04E-01
1334,5;5,75E-01
1335,5;4,62E-01
1336,5;2,13E-01
1337,5;1,57E-01
1338,5;1,67E-01
1339,5;1,60E-01
1340,5;1,27E-01
1341,5;1,74E-01
1342,5;2,10E-01
1343,5;4,76E-01
1344,5;4,87E-01
1345,5;5,60E-01
1346,5;2,68E-01
1347,5;3,11E-01
1348,5;3,52E-01
1349,5;1,98E-01
1350,5;3,68E-01
1351,5;3,16E-01
1352,5;4,79E-01
1353,5;3,85E-01
1354,5;2,60E-01
1355,5;2,15E-01
1356,5;3,24E-01
1357,5;4,58E-01
1358,5;2,89E-01
1359,5;3,58E-01
1360,5;2,10E-01
1361,5;1,69E-01
1362,5;1,29E-01
1363,5;1,15E-01
1364,5;2,81E-01
1365,5;3,43E-01
1366,5;3,81E-01
1367,5;3,55E-01
1368,5;1,26E-01
1369,5;2,44E-01
1370,5;3,47E-01
1371,5;3,23E-01
1372,5;2,08E-01
1373,5;9,98E-02
1374,5;1,22E-01
1375,5;1,22E-01
1376,5;2,86E-01
1377,5;2,93E-01
1378,5;2,25E-01
1379,5;2,28E-01
1380,5;3,21E-01
1381,5;3,98E-01
1382,5;3,65E-01
1383,5;3,11E-01
1384,5;3,62E-01
1385,5;2,81E-01
1386,5;1,36E-01
1387,5;8,18E-02
1388,5;1,86E-01
1389,5;2,53E-01
1390,5;2,12E-01
1391,5;2,56E-01
1392,5;2,39E-01
1393,5;1,61E-01
1394,5;6,40E-02
1395,5;8,58E-02
1396,5;1,53E-01
1397,5;1,38E-01
1398,5;1,19E-01
1399,5;6,94E-02
1400,5;1,78E-01
1401,5;2,53E-01
1402,5;2,62E-01
1403,5;2,22E-01
1404,5;1,18E-01
1405,5;1,19E-01
1406,5;2,46E-01
1407,5;2,91E-01
1408,5;2,83E-01
1409,5;2,51E-01
1410,5;2,47E-01
1411,5;1,59E-01
1412,5;2,14E-01
1413,5;2,68E-01
1414,5;1,99E-01
1415,5;1,87E-01
1416,5;1,36E-01
1417,5;8,54E-02
1418,5;7,72E-02
1419,5;3,07E-02
1420,5;1,07E-01
1421,5;1,53E-01
1422,5;1,61E-01
1423,5;7,46E-02
1424,5;1,04E-01
1425,5;1,96E-01
1426,5;2,12E-01
1427,5;2,07E-01
1428,5;1,40E-01
1429,5;8,11E-02
1430,5;9,04E-02
1431,5;1,44E-01
1432,5;1,58E-01
1433,5;1,01E-01
1434,5;1,38E-01
1435,5;8,95E-02
1436,5;3,12E-02
1437,5;6,72E-02
1438,5;1,29E-01
1439,5;1,65E-01
1440,5;1,92E-01
1441,5;2,01E-01
1442,5;2,05E-01
1443,5;2,22E-01
1444,5;2,15E-01
1445,5;1,74E-01
1446,5;1,13E-01
1447,5;7,33E-02
1448,5;7,74E-02
1449,5;1,42E-01
1450,5;1,46E-01
1451,5;1,18E-01
1452,5;9,93E-02
1453,5;1,09E-01
1454,5;7,39E-02
1455,5;4,94E-02
1456,5;2,16E-02
1457,5;3,48E-02
1458,5;3,30E-02
1459,5;4,84E-02
1460,5;1,01E-01
1461,5;1,19E-01
1462,5;1,17E-01
1463,5;9,42E-02
1464,5;3,92E-02
1465,5;5,03E-02
1466,5;9,05E-02
1467,5;1,11E-01
1468,5;1,29E-01
1469,5;1,10E-01
1470,5;8,50E-02
1471,5;4,01E-02
1472,5;3,34E-02
1473,5;2,98E-02
1474,5;6,71E-02
1475,5;7,16E-02
1476,5;3,87E-02
1477,5;1,05E-01
1478,5;1,30E-01
1479,5;1,38E-01
1480,5;1,07E-01
1481,5;6,01E-02
1482,5;1,24E-01
1483,5;1,29E-01
1484,5;1,15E-01
1485,5;1,04E-01
1486,5;5,99E-02
1487,5;3,00E-02
1488,5;6,70E-02
1489,5;3,04E-02
1490,5;3,11E-02
1491,5;6,01E-02
1492,5;8,87E-02
1493,5;8,81E-02
1494,5;8,08E-02
1495,5;4,93E-02
1496,5;2,29E-02
1497,5;5,60E-02
1498,5;2,73E-02
1499,5;4,69E-02
1500,5;6,08E-02
1501,5;5,18E-02
1502,5;6,66E-02
1503,5;6,06E-02
1504,5;4,29E-02
1505,5;1,15E-02
1506,5;1,57E-02
1507,5;1,57E-02
1508,5;2,50E-02
1509,5;3,50E-02
1510,5;5,18E-02
1511,5;6,02E-02
1512,5;3,59E-02
1513,5;7,34E-02
1514,5;5,63E-02
1515,5;4,56E-02
1516,5;2,61E-02
1517,5;1,75E-02
1518,5;5,14E-02
1519,5;4,58E-02
1520,5;2,17E-02
1521,5;1,51E-02
1522,5;1,77E-02
1523,5;3,52E-02
1524,5;4,05E-02
1525,5;2,12E-02
1526,5;4,88E-02
1527,5;3,56E-02
1528,5;2,99E-02
1529,5;6,05E-02
1530,5;6,65E-02
1531,5;4,35E-02
1532,5;4,05E-02
1533,5;1,13E-02
1534,5;3,30E-02
1535,5;4,30E-02
1536,5;4,49E-02
1537,5;3,80E-02
1538,5;1,28E-02
1539,5;1,06E-02
1540,5;1,07E-02
1541,5;1,97E-02
1542,5;1,55E-02
1543,5;2,71E-02
1544,5;3,39E-02
1545,5;2,21E-02
1546,5;5,49E-02
1547,5;6,35E-02
1548,5;5,78E-02
1549,5;3,49E-02
1550,5;3,50E-02
1551,5;5,16E-02
1552,5;4,72E-02
1553,5;3,74E-02
1554,5;1,52E-02
1555,5;3,63E-02
1556,5;3,12E-02
1557,5;9,22E-03
1558,5;6,34E-03
1559,5;1,18E-02
1560,5;1,04E-02
1561,5;3,45E-02
1562,5;4,62E-02
1563,5;4,62E-02
1564,5;2,63E-02
1565,5;3,67E-02
1566,5;5,37E-02
1567,5;5,48E-02
1568,5;3,15E-02
1569,5;1,19E-02
1570,5;3,02E-02
1571,5;5,15E-02
1572,5;5,37E-02
1573,5;5,07E-02
1574,5;4,13E-02
1575,5;2,03E-02
1576,5;9,33E-03
1577,5;2,97E-02
1578,5;5,02E-02
1579,5;6,67E-02
1580,5;8,01E-02
1581,5;8,95E-02
1582,5;8,72E-02
1583,5;9,84E-02
1584,5;1,11E-01
1585,5;1,14E-01
1586,5;1,15E-01
1587,5;1,14E-01
1588,5;1,17E-01
1589,5;7,54E-02
1590,5;8,80E-02
1591,5;7,17E-02
1592,5;1,03E-01
1593,5;9,76E-02
1594,5;4,24E-02
1595,5;8,63E-02
1596,5;6,43E-02
1597,5;1,12E-01
1598,5;1,17E-01
1599,5;1,14E-01
1600,5;9,30E-02
1601,5;5,56E-02
1602,5;7,16E-02
1603,5;4,49E-02
1604,5;9,68E-02
1605,5;1,00E-01
1606,5;6,11E-02
1607,5;4,44E-02
1608,5;7,03E-02
1609,5;2,65E-02
1610,5;6,80E-02
1611,5;7,74E-02
1612,5;6,84E-02
1613,5;5,58E-02
1614,5;4,55E-02
1615,5;2,95E-02
1616,5;6,89E-03
1617,5;1,99E-02
1618,5;3,75E-02
1619,5;4,66E-02
1620,5;4,42E-02
1621,5;4,39E-02
1622,5;2,55E-02
1623,5;1,05E-02
1624,5;3,14E-02
1625,5;4,30E-02
1626,5;4,49E-02
1627,5;1,85E-02
1628,5;2,95E-02
1629,5;4,75E-02
1630,5;5,77E-02
1631,5;5,13E-02
1632,5;4,48E-02
1633,5;3,56E-02
1634,5;1,64E-02
1635,5;4,00E-03
1636,5;2,00E-02
1637,5;1,33E-02
1638,5;3,03E-02
1639,5;4,42E-02
1640,5;3,24E-02
1641,5;4,85E-02
1642,5;3,54E-02
1643,5;4,24E-02
1644,5;3,21E-02
1645,5;1,36E-02
1646,5;1,25E-02
1647,5;1,18E-02
1648,5;1,32E-02
1649,5;2,64E-02
1650,5;2,65E-02
1651,5;1,71E-02
1652,5;3,18E-03
1653,5;3,98E-03
1654,5;9,02E-03
1655,5;2,33E-02
1656,5;2,85E-02
1657,5;3,52E-02
1658,5;4,22E-02
1659,5;4,48E-02
1660,5;4,16E-02
1661,5;2,62E-02
1662,5;1,12E-02
1663,5;2,10E-02
1664,5;3,74E-02
1665,5;4,22E-02
1666,5;4,19E-02
1667,5;3,36E-02
1668,5;1,47E-02
1669,5;6,55E-03
1670,5;2,32E-02
1671,5;1,23E-02
1672,5;2,68E-02
1673,5;3,25E-02
1674,5;1,98E-02
1675,5;6,02E-03
1676,5;2,74E-02
1677,5;3,14E-02
1678,5;3,94E-02
1679,5;2,25E-02
1680,5;2,00E-02
1681,5;2,86E-02
1682,5;1,89E-02
1683,5;6,93E-03
1684,5;4,14E-03
1685,5;1,12E-02
1686,5;2,29E-02
1687,5;2,62E-02
1688,5;2,06E-02
1689,5;2,41E-02
1690,5;1,99E-02
1691,5;3,56E-02
1692,5;2,85E-02
1693,5;2,79E-02
1694,5;2,04E-02
1695,5;4,78E-03
1696,5;1,06E-02
1697,5;1,43E-02
1698,5;1,82E-02
1699,5;7,08E-03
1700,5;2,02E-03
1701,5;1,28E-02
1702,5;2,19E-02
1703,5;2,44E-02
1704,5;1,09E-02
1705,5;2,00E-02
1706,5;8,50E-03
1707,5;2,21E-02
1708,5;3,46E-02
1709,5;3,29E-02
1710,5;2,01E-02
1711,5;3,96E-02
1712,5;3,19E-02
1713,5;2,38E-02
1714,5;1,45E-02
1715,5;1,18E-02
1716,5;1,87E-02
1717,5;6,63E-03
1718,5;7,31E-03
1719,5;2,19E-02
1720,5;3,58E-02
1721,5;3,78E-02
1722,5;4,53E-02
1723,5;2,53E-02
1724,5;4,92E-02
1725,5;5,70E-02
1726,5;4,01E-02
1727,5;4,77E-02
1728,5;4,74E-02
1729,5;2,38E-02
1730,5;1,83E-02
1731,5;3,01E-02
1732,5;1,75E-02
1733,5;8,35E-03
1734,5;4,30E-03
1735,5;1,58E-02
1736,5;2,59E-02
1737,5;2,20E-02
1738,5;2,36E-02
1739,5;7,92E-03
1740,5;1,42E-02
1741,5;2,90E-02
1742,5;2,56E-02
1743,5;1,30E-02
1744,5;2,58E-02
1745,5;2,57E-02
1746,5;2,20E-02
1747,5;1,34E-02
1748,5;1,20E-02
1749,5;1,85E-02
1750,5;2,21E-02
1751,5;1,19E-02
1752,5;2,89E-02
1753,5;4,23E-02
1754,5;5,37E-02
1755,5;4,62E-02
1756,5;1,80E-02
1757,5;2,87E-02
1758,5;3,49E-02
1759,5;4,81E-02
1760,5;3,53E-02
1761,5;1,15E-02
1762,5;1,99E-02
1763,5;4,05E-02
1764,5;4,34E-02
1765,5;5,24E-02
1766,5;5,00E-02
1767,5;2,88E-02
1768,5;1,83E-02
1769,5;3,33E-02
1770,5;1,86E-02
1771,5;8,16E-03
1772,5;5,79E-03
1773,5;1,46E-02
1774,5;2,64E-02
1775,5;1,68E-02
1776,5;3,70E-02
1777,5;4,84E-02
1778,5;4,11E-02
1779,5;2,97E-02
1780,5;1,31E-02
1781,5;2,97E-02
1782,5;5,14E-02
1783,5;4,14E-02
1784,5;3,27E-02
1785,5;4,13E-02
1786,5;6,42E-02
1787,5;6,33E-02
1788,5;4,27E-02
1789,5;4,26E-02
1790,5;2,14E-02
1791,5;1,67E-02
1792,5;6,24E-03
1793,5;1,74E-02
1794,5;3,07E-02
1795,5;1,95E-02
1796,5;2,20E-02
1797,5;4,56E-02
1798,5;3,38E-02
1799,5;1,06E-02
1800,5;2,88E-02
1801,5;2,77E-02
1802,5;2,59E-02
1803,5;6,19E-02
1804,5;6,25E-02
1805,5;4,47E-02
1806,5;7,45E-02
1807,5;3,98E-02
1808,5;5,54E-02
1809,5;4,53E-02
1810,5;1,33E-02
1811,5;3,41E-02
1812,5;3,65E-02
1813,5;7,65E-02
1814,5;8,55E-02
1815,5;8,71E-02
1816,5;8,01E-02
1817,5;5,39E-02
1818,5;9,25E-02
1819,5;9,36E-02
1820,5;8,29E-02
1821,5;5,67E-02
1822,5;4,36E-02
1823,5;4,93E-02
1824,5;2,46E-02
1825,5;1,16E-02
1826,5;3,67E-02
1827,5;4,03E-02
1828,5;2,23E-02
1829,5;8,55E-03
1830,5;1,07E-02
1831,5;3,38E-02
1832,5;5,25E-02
1833,5;5,61E-02
1834,5;5,07E-02
1835,5;5,61E-02
1836,5;4,39E-02
1837,5;2,45E-02
1838,5;6,07E-02
1839,5;5,93E-02
1840,5;6,16E-02
1841,5;4,83E-02
1842,5;2,61E-02
1843,5;1,43E-02
1844,5;5,81E-03
1845,5;1,61E-02
1846,5;3,68E-02
1847,5;2,19E-02
1848,5;3,83E-02
1849,5;6,81E-02
1850,5;8,28E-02
1851,5;8,75E-02
1852,5;5,98E-02
1853,5;9,58E-02
1854,5;9,15E-02
1855,5;1,04E-01
1856,5;7,75E-02
1857,5;9,28E-02
1858,5;4,17E-02
1859,5;6,26E-02
1860,5;8,04E-02
1861,5;6,65E-02
1862,5;8,56E-02
1863,5;8,35E-02
1864,5;6,00E-02
1865,5;4,47E-02
1866,5;1,53E-02
1867,5;1,45E-02
1868,5;1,22E-02
1869,5;8,13E-03
1870,5;2,17E-02
1871,5;4,83E-02
1872,5;6,94E-02
1873,5;8,42E-02
1874,5;9,56E-02
1875,5;1,03E-01
1876,5;7,37E-02
1877,5;1,07E-01
1878,5;1,16E-01
1879,5;6,57E-02
1880,5;1,13E-01
1881,5;1,18E-01
1882,5;1,11E-01
1883,5;8,62E-02
1884,5;2,77E-02
1885,5;5,48E-02
1886,5;8,32E-02
1887,5;6,77E-02
1888,5;3,79E-02
1889,5;1,00E-02
1890,5;3,29E-02
1891,5;6,17E-02
1892,5;7,14E-02
1893,5;6,44E-02
1894,5;3,99E-02
1895,5;2,13E-02
1896,5;7,00E-02
1897,5;8,15E-02
1898,5;1,11E-01
1899,5;1,20E-01
1900,5;1,21E-01
1901,5;9,13E-02
1902,5;9,49E-02
1903,5;8,44E-02
1904,5;3,22E-02
1905,5;8,71E-02
1906,5;7,73E-02
1907,5;3,61E-02
1908,5;3,52E-02
1909,5;2,48E-02
1910,5;2,90E-02
1911,5;6,51E-02
1912,5;7,68E-02
1913,5;8,50E-02
1914,5;7,09E-02
1915,5;6,18E-02
1916,5;4,67E-02
1917,5;1,53E-02
1918,5;1,36E-02
1919,5;3,93E-02
1920,5;5,26E-02
1921,5;4,31E-02
1922,5;1,40E-02
1923,5;1,90E-02
1924,5;5,47E-02
1925,5;8,16E-02
1926,5;8,99E-02
1927,5;1,02E-01
1928,5;1,23E-01
1929,5;1,27E-01
1930,5;1,28E-01
1931,5;1,23E-01
1932,5;4,57E-02
1933,5;4,84E-02
1934,5;1,09E-01
1935,5;1,21E-01
1936,5;1,20E-01
1937,5;9,36E-02
1938,5;1,02E-01
1939,5;8,49E-02
1940,5;6,73E-02
1941,5;3,15E-02
1942,5;8,97E-03
1943,5;3,40E-02
1944,5;4,88E-02
1945,5;2,15E-02
1946,5;2,36E-02
1947,5;7,79E-02
1948,5;1,05E-01
1949,5;9,00E-02
1950,5;1,12E-01
1951,5;1,10E-01
1952,5;1,33E-01
1953,5;1,20E-01
1954,5;6,01E-02
1955,5;5,06E-02
1956,5;6,49E-02
1957,5;8,46E-02
1958,5;1,32E-01
1959,5;1,20E-01
1960,5;8,41E-02
1961,5;4,80E-02
1962,5;1,15E-01
1963,5;1,21E-01
1964,5;1,04E-01
1965,5;6,32E-02
1966,5;2,27E-02
1967,5;1,66E-02
1968,5;5,98E-02
1969,5;9,38E-02
1970,5;1,18E-01
1971,5;1,37E-01
1972,5;1,45E-01
1973,5;1,50E-01
1974,5;1,50E-01
1975,5;1,22E-01
1976,5;8,01E-02
1977,5;1,35E-01
1978,5;1,58E-01
1979,5;1,59E-01
1980,5;1,30E-01
1981,5;1,37E-01
1982,5;1,38E-01
1983,5;1,40E-01
1984,5;1,21E-01
1985,5;1,27E-01
1986,5;1,02E-01
1987,5;5,76E-02
1988,5;2,30E-02
1989,5;6,72E-02
1990,5;6,52E-02
1991,5;2,37E-02
1992,5;1,36E-02
1993,5;4,05E-02
1994,5;9,10E-02
1995,5;1,12E-01
1996,5;1,22E-01
1997,5;1,19E-01
1998,5;5,53E-02
1999,5;6,26E-02
2000,5;1,20E-01
2001,5;1,43E-01
2002,5;1,46E-01
2003,5;1,40E-01
2004,5;1,48E-01
2005,5;1,26E-01
2006,5;1,31E-01
2007,5;5,66E-02
2008,5;9,04E-02
2009,5;6,05E-02
2010,5;1,26E-01
2011,5;1,37E-01
2012,5;1,33E-01
2013,5;1,31E-01
2014,5;1,09E-01
2015,5;8,05E-02
2016,5;2,69E-02
2017,5;3,97E-02
2018,5;2,65E-02
2019,5;5,00E-02
2020,5;9,95E-02
2021,5;1,18E-01
2022,5;8,12E-02
2023,5;7,46E-02
2024,5;1,26E-01
2025,5;1,21E-01
2026,5;4,55E-02
2027,5;8,65E-02
2028,5;1,40E-01
2029,5;1,42E-01
2030,5;1,38E-01
2031,5;1,54E-01
2032,5;1,45E-01
2033,5;1,28E-01
2034,5;1,11E-01
2035,5;1,32E-01
2036,5;1,29E-01
2037,5;6,30E-02
2038,5;1,12E-01
2039,5;1,05E-01
2040,5;6,95E-02
2041,5;2,39E-02
2042,5;7,42E-02
2043,5;5,53E-02
2044,5;6,03E-02
2045,5;1,07E-01
2046,5;6,47E-02
2047,5;1,01E-01
2048,5;1,23E-01
2049,5;1,08E-01
2050,5;9,99E-02
2051,5;1,20E-01
2052,5;1,02E-01
2053,5;8,31E-02
2054,5;1,18E-01
2055,5;9,62E-02
2056,5;8,99E-02
2057,5;1,24E-01
2058,5;7,81E-02
2059,5;7,05E-02
2060,5;3,49E-02
2061,5;6,48E-02
2062,5;7,59E-02
2063,5;8,43E-02
2064,5;2,52E-02
2065,5;2,52E-02
2066,5;6,64E-02
2067,5;6,72E-02
2068,5;1,04E-01
2069,5;9,52E-02
2070,5;8,78E-02
2071,5;1,12E-01
2072,5;6,05E-02
2073,5;7,42E-02
2074,5;5,02E-02
2075,5;9,51E-02
2076,5;5,78E-02
2077,5;3,89E-03
2078,5;2,67E-02
2079,5;7,41E-02
2080,5;8,79E-02
2081,5;8,33E-02
2082,5;8,81E-02
2083,5;1,00E-01
2084,5;1,16E-01
2085,5;9,69E-02
2086,5;9,98E-02
2087,5;4,68E-02
2088,5;8,49E-02
2089,5;5,28E-02
2090,5;4,30E-02
2091,5;9,17E-02
2092,5;1,01E-01
2093,5;5,74E-02
2094,5;9,60E-02
2095,5;9,45E-02
2096,5;1,07E-01
2097,5;6,89E-02
2098,5;1,09E-01
2099,5;1,04E-01
2100,5;6,21E-02
2101,5;1,09E-01
2102,5;1,10E-01
2103,5;1,06E-01
2104,5;1,10E-01
2105,5;8,47E-02
2106,5;6,79E-02
2107,5;7,70E-02
2108,5;1,05E-01
2109,5;1,11E-01
2110,5;1,07E-01
2111,5;1,09E-01
2112,5;1,14E-01
2113,5;9,48E-02
2114,5;4,51E-02
2115,5;6,24E-02
2116,5;8,12E-02
2117,5;1,08E-01
2118,5;1,06E-01
2119,5;9,93E-02
2120,5;1,03E-01
2121,5;6,85E-02
2122,5;8,31E-02
2123,5;9,52E-02
2124,5;5,48E-02
2125,5;8,83E-02
2126,5;1,07E-01
2127,5;1,09E-01
2128,5;1,04E-01
2129,5;7,08E-02
2130,5;1,17E-01
2131,5;1,13E-01
2132,5;1,22E-01
2133,5;1,24E-01
2134,5;1,20E-01
2135,5;9,10E-02
2136,5;4,99E-02
2137,5;6,19E-02
2138,5;8,07E-02
2139,5;5,56E-02
2140,5;1,14E-01
2141,5;1,16E-01
2142,5;1,12E-01
2143,5;1,20E-01
2144,5;9,74E-02
2145,5;6,18E-02
2146,5;1,08E-01
2147,5;7,78E-02
2148,5;9,46E-02
2149,5;1,13E-01
2150,5;1,16E-01
2151,5;9,72E-02
2152,5;6,93E-02
2153,5;1,09E-01
2154,5;1,01E-01
2155,5;1,09E-01
2156,5;8,33E-02
2157,5;1,09E-01
2158,5;1,07E-01
2159,5;1,08E-01
2160,5;9,37E-02
2161,5;6,62E-02
2162,5;8,14E-02
2163,5;7,80E-02
2164,5;1,06E-01
2165,5;9,98E-02
2166,5;1,02E-01
2167,5;9,20E-02
2168,5;9,53E-02
2169,5;9,55E-02
2170,5;9,40E-02
2171,5;6,66E-02
2172,5;8,04E-02
2173,5;8,86E-02
2174,5;8,38E-02
2175,5;7,94E-02
2176,5;8,37E-02
2177,5;8,37E-02
2178,5;7,25E-02
2179,5;7,60E-02
2180,5;6,86E-02
2181,5;5,19E-02
2182,5;6,00E-02
2183,5;5,61E-02
2184,5;5,30E-02
2185,5;4,57E-02
2186,5;4,33E-02
2187,5;4,27E-02
2188,5;4,39E-02
2189,5;4,35E-02
2190,5;4,36E-02
2191,5;4,56E-02
2192,5;4,23E-02
2193,5;3,47E-02
2194,5;3,10E-02
2195,5;2,84E-02
2196,5;2,76E-02
2197,5;2,56E-02
2198,5;2,29E-02
2199,5;2,49E-02
2200,5;2,13E-02
2201,5;2,77E-02
2202,5;2,51E-02
2203,5;2,18E-02
2204,5;1,92E-02
2205,5;1,53E-02
2206,5;1,58E-02
2207,5;1,79E-02
2208,5;1,81E-02
2209,5;1,71E-02
2210,5;1,71E-02
2211,5;1,51E-02
2212,5;1,28E-02
2213,5;1,29E-02
2214,5;1,20E-02
2215,5;1,35E-02
2216,5;1,40E-02
2217,5;1,41E-02
2218,5;1,37E-02
2219,5;1,31E-02
2220,5;2,06E-02
2221,5;2,01E-02
2222,5;2,10E-02
2223,5;3,80E-02
2224,5;1,95E-02
2225,5;2,34E-02
2226,5;1,50E-02
2227,5;9,70E-03
2228,5;9,07E-03
2229,5;1,11E-02
2230,5;6,23E-03
2231,5;6,98E-03
2232,5;5,83E-03
2233,5;6,21E-03
2234,5;5,85E-03
2235,5;3,53E-03
2236,5;6,13E-03
2237,5;2,25E-03
2238,5;5,94E-03
2239,5;1,58E-03
2240,5;6,79E-03
2241,5;1,53E-03
2242,5;6,47E-03
2243,5;1,68E-03
2244,5;5,14E-03
2245,5;2,42E-03
2246,5;4,55E-03
2247,5;3,73E-03
2248,5;4,70E-03
2249,5;2,49E-03
2250,5;4,72E-03
2251,5;1,07E-03
2252,5;3,41E-03
2253,5;9,02E-04
2254,5;3,02E-03
2255,5;3,62E-04
2256,5;2,81E-03
2257,5;6,61E-04
2258,5;1,91E-03
2259,5;4,21E-04
2260,5;1,32E-03
2261,5;3,79E-04
2262,5;1,04E-03
2263,5;4,51E-04
2264,5;7,60E-04
2265,5;8,06E-04
2266,5;2,13E-04
2267,5;6,42E-04
2268,5;1,40E-04
2269,5;5,72E-04
2270,5;1,74E-04
2271,5;3,91E-04
2272,5;4,18E-04
2273,5;1,53E-04
2274,5;4,17E-04
2275,5;1,09E-04
2276,5;3,57E-04
2277,5;1,90E-04
2278,5;2,37E-04
2279,5;4,63E-04
2280,5;1,88E-04
2281,5;5,24E-04
2282,5;6,17E-04
2283,5;1,29E-03
2284,5;2,44E-04
2285,5;3,99E-04
2286,5;3,81E-04
2287,5;1,26E-04
2288,5;1,05E-04
2289,5;1,47E-04
2290,5;1,06E-04
2291,5;5,77E-05
2292,5;8,69E-05
2293,5;3,59E-05
2294,5;4,58E-05
2295,5;5,12E-05
2296,5;6,66E-05
2297,5;4,87E-05
2298,5;2,78E-05
2299,5;5,12E-05
2300,5;2,06E-05
2301,5;3,52E-05
2302,5;7,02E-06
2303,5;2,93E-05
2304,5;4,48E-05
2305,5;2,74E-05
2306,5;2,26E-05
2307,5;1,71E-05
2308,5;2,77E-06
2309,5;8,51E-06
2310,5;4,14E-06
2311,5;2,20E-06
2312,5;3,48E-06
2313,5;2,11E-06
2314,5;2,50E-06
2315,5;8,11E-07
2316,5;2,28E-07
2317,5;2,66E-09
2318,5;7,25E-10
2319,5;-4,73E-09
2320,5;-4,22E-08
2321,5;-1,19E-08
2322,5;-1,98E-08
2323,5;-3,14E-08
2324,5;-2,56E-08
2325,5;-8,05E-05
2326,5;-1,95E-04
2327,5;-2,97E-04
2328,5;-1,59E-04
2329,5;-5,41E-04
2330,5;-8,94E-05
2331,5;-6,87E-04
2332,5;1,22E-05
2333,5;-4,98E-04
2334,5;-7,11E-04
2335,5;-2,85E-04
2336,5;-1,64E-04
2337,5;-2,80E-05
2338,5;-5,62E-04
2339,5;-1,95E-04
2340,5;-3,60E-04
2341,5;-1,14E-04
2342,5;-8,50E-05
2343,5;-2,48E-04
2344,5;-5,34E-05
2345,5;-2,24E-04
2346,5;-5,57E-04
2347,5;-4,67E-04
2348,5;-1,28E-03
2349,5;-1,34E-03
2350,5;-1,30E-03
2351,5;-2,59E-04
2352,5;-7,90E-04
2353,5;-4,15E-04
2354,5;0,00E+00
2355,5;-1,73E-04
2356,5;-6,21E-05
2357,5;-1,37E-05
2358,5;-4,75E-05
2359,5;-1,91E-04
2360,5;-7,41E-05
2361,5;-1,92E-05
2362,5;0,00E+00
2363,5;-4,70E-05
2364,5;-5,65E-06
2365,5;-1,74E-07
2366,5;-3,12E-07
2367,5;-6,87E-07
2368,5;-5,35E-07
2369,5;-1,14E-06
2370,5;-7,16E-07
2371,5;-5,33E-07
2372,5;-4,85E-07
2373,5;-2,67E-07
2374,5;-4,81E-08
2375,5;9,51E-08
2376,5;5,87E-07
2377,5;2,42E-06
2378,5;6,76E-06
2379,5;1,56E-05
2380,5;3,48E-05
2381,5;7,78E-05
2382,5;1,67E-04
2383,5;3,13E-04
2384,5;4,52E-04
2385,5;7,79E-04
2386,5;1,83E-03
2387,5;2,53E-03
2388,5;4,74E-03
2389,5;6,96E-03
2390,5;1,20E-02
2391,5;1,50E-02
2392,5;1,98E-02
2393,5;2,35E-02
2394,5;2,62E-02
2395,5;2,80E-02
2396,5;2,94E-02
2397,5;3,04E-02
2398,5;3,16E-02
2399,5;3,25E-02
2400,5;3,35E-02
2401,5;3,43E-02
2402,5;3,51E-02
2403,5;3,57E-02
2404,5;3,61E-02
2405,5;3,68E-02
2406,5;3,72E-02
2407,5;3,76E-02
2408,5;3,81E-02
2409,5;3,91E-02
2410,5;3,90E-02
2411,5;3,99E-02
2412,5;3,99E-02
2413,5;4,05E-02
2414,5;4,04E-02
2415,5;4,11E-02
2416,5;4,10E-02
2417,5;4,11E-02
2418,5;4,18E-02
2419,5;4,16E-02
2420,5;4,21E-02
2421,5;4,19E-02
2422,5;4,18E-02
2423,5;4,21E-02
2424,5;4,23E-02
2425,5;4,27E-02
2426,5;4,25E-02
2427,5;4,25E-02
2428,5;4,23E-02
2429,5;4,18E-02
2430,5;4,25E-02
2431,5;4,17E-02
2432,5;4,25E-02
2433,5;4,22E-02
2434,5;4,20E-02
2435,5;4,22E-02
2436,5;4,12E-02
2437,5;4,07E-02
2438,5;4,13E-02
2439,5;4,16E-02
2440,5;4,08E-02
2441,5;3,99E-02
2442,5;4,05E-02
2443,5;4,05E-02
2444,5;3,91E-02
2445,5;4,00E-02
2446,5;4,00E-02
2447,5;4,00E-02
2448,5;3,99E-02
2449,5;3,96E-02
2450,5;3,81E-02
2451,5;3,89E-02
2452,5;3,90E-02
2453,5;3,99E-02
2454,5;4,00E-02
2455,5;4,00E-02
2456,5;3,92E-02
2457,5;4,01E-02
2458,5;4,07E-02
2459,5;4,00E-02
2460,5;4,11E-02
2461,5;4,14E-02
2462,5;4,12E-02
2463,5;4,05E-02
2464,5;3,99E-02
2465,5;3,95E-02
2466,5;3,86E-02
2467,5;3,81E-02
2468,5;3,83E-02
2469,5;3,80E-02
2470,5;3,79E-02
2471,5;3,60E-02
2472,5;3,67E-02
2473,5;3,66E-02
2474,5;3,67E-02
2475,5;3,60E-02
2476,5;3,67E-02
2477,5;3,55E-02
2478,5;3,68E-02
2479,5;3,60E-02
2480,5;3,68E-02
2481,5;3,72E-02
2482,5;3,70E-02
2483,5;3,61E-02
2484,5;3,73E-02
2485,5;3,74E-02
2486,5;3,71E-02
2487,5;3,68E-02
2488,5;3,77E-02
2489,5;3,74E-02
2490,5;3,70E-02
2491,5;3,75E-02
2492,5;3,77E-02
2493,5;3,61E-02
2494,5;3,53E-02
2495,5;3,69E-02
2496,5;3,74E-02
2497,5;3,70E-02
2498,5;3,73E-02
2499,5;3,71E-02
2500,5;3,73E-02
2501,5;3,72E-02
2502,5;3,66E-02
2503,5;3,65E-02
2504,5;3,59E-02
2505,5;3,65E-02
2506,5;3,65E-02
2507,5;3,64E-02
2508,5;3,59E-02
2509,5;3,61E-02
2510,5;3,56E-02
2511,5;3,43E-02
2512,5;3,42E-02
2513,5;3,54E-02
2514,5;3,36E-02
2515,5;3,32E-02
2516,5;3,46E-02
2517,5;3,42E-02
2518,5;3,42E-02
2519,5;3,43E-02
2520,5;3,40E-02
2521,5;3,41E-02
2522,5;3,35E-02
2523,5;3,34E-02
2524,5;3,28E-02
2525,5;3,26E-02
2526,5;3,17E-02
2527,5;3,24E-02
2528,5;3,16E-02
2529,5;3,17E-02
2530,5;3,10E-02
2531,5;3,14E-02
2532,5;3,10E-02
2533,5;2,91E-02
2534,5;2,93E-02
2535,5;2,99E-02
2536,5;2,82E-02
2537,5;2,89E-02
2538,5;2,87E-02
2539,5;2,80E-02
2540,5;2,81E-02
2541,5;2,77E-02
2542,5;2,73E-02
2543,5;2,68E-02
2544,5;2,58E-02
2545,5;2,57E-02
2546,5;2,50E-02
2547,5;2,39E-02
2548,5;2,41E-02
2549,5;2,44E-02
2550,5;2,34E-02
2551,5;2,38E-02
2552,5;2,39E-02
2553,5;2,40E-02
2554,5;2,48E-02
2555,5;2,49E-02
2556,5;2,43E-02
2557,5;2,35E-02
2558,5;2,53E-02
2559,5;2,42E-02
2560,5;2,56E-02
2561,5;2,59E-02
2562,5;2,58E-02
2563,5;2,56E-02
2564,5;2,44E-02
2565,5;2,26E-02
2566,5;2,52E-02
2567,5;2,43E-02
2568,5;2,26E-02
2569,5;2,13E-02
2570,5;2,14E-02
2571,5;2,15E-02
2572,5;2,01E-02
2573,5;2,13E-02
2574,5;2,22E-02
2575,5;1,94E-02
2576,5;2,07E-02
2577,5;2,01E-02
2578,5;1,89E-02
2579,5;2,15E-02
2580,5;2,00E-02
2581,5;2,07E-02
2582,5;1,82E-02
2583,5;2,25E-02
2584,5;2,13E-02
2585,5;2,02E-02
2586,5;2,35E-02
2587,5;2,27E-02
2588,5;2,19E-02
2589,5;2,15E-02
2590,5;2,16E-02
2591,5;2,06E-02
2592,5;2,42E-02
2593,5;1,89E-02
2594,5;2,46E-02
2595,5;2,47E-02
2596,5;2,18E-02
2597,5;2,43E-02
2598,5;2,36E-02
2599,5;2,28E-02
2600,5;2,08E-02
2601,5;2,32E-02
2602,5;2,46E-02
2603,5;2,42E-02
2604,5;2,39E-02
2605,5;2,14E-02
2606,5;1,93E-02
2607,5;1,66E-02
2608,5;1,87E-02
2609,5;2,38E-02
2610,5;2,44E-02
2611,5;2,45E-02
2612,5;1,99E-02
2613,5;2,43E-02
2614,5;2,37E-02
2615,5;2,46E-02
2616,5;2,46E-02
2617,5;2,40E-02
2618,5;2,26E-02
2619,5;1,89E-02
2620,5;2,25E-02
2621,5;1,75E-02
2622,5;1,39E-02
2623,5;1,97E-02
2624,5;1,84E-02
2625,5;1,78E-02
2626,5;2,29E-02
2627,5;2,28E-02
2628,5;1,73E-02
2629,5;2,21E-02
2630,5;2,25E-02
2631,5;2,23E-02
2632,5;2,17E-02
2633,5;2,17E-02
2634,5;2,20E-02
2635,5;1,59E-02
2636,5;2,09E-02
2637,5;1,50E-02
2638,5;1,29E-02
2639,5;1,99E-02
2640,5;2,15E-02
2641,5;1,93E-02
2642,5;1,49E-02
2643,5;2,07E-02
2644,5;1,62E-02
2645,5;2,06E-02
2646,5;2,12E-02
2647,5;2,07E-02
2648,5;2,01E-02
2649,5;1,42E-02
2650,5;2,06E-02
2651,5;1,51E-02
2652,5;1,87E-02
2653,5;2,08E-02
2654,5;1,96E-02
2655,5;1,41E-02
2656,5;1,87E-02
2657,5;1,52E-02
2658,5;1,95E-02
2659,5;1,50E-02
2660,5;1,47E-02
2661,5;1,98E-02
2662,5;1,88E-02
2663,5;1,35E-02
2664,5;1,85E-02
2665,5;1,83E-02
2666,5;1,36E-02
2667,5;1,90E-02
2668,5;1,96E-02
2669,5;1,92E-02
2670,5;1,93E-02
2671,5;1,85E-02
2672,5;1,33E-02
2673,5;1,84E-02
2674,5;1,79E-02
2675,5;1,47E-02
2676,5;1,42E-02
2677,5;1,27E-02
2678,5;1,64E-02
2679,5;1,86E-02
2680,5;1,26E-02
2681,5;1,72E-02
2682,5;1,74E-02
2683,5;1,76E-02
2684,5;1,82E-02
2685,5;1,81E-02
2686,5;1,77E-02
2687,5;1,80E-02
2688,5;1,77E-02
2689,5;1,38E-02
2690,5;1,74E-02
2691,5;1,67E-02
2692,5;1,27E-02
2693,5;1,54E-02
2694,5;1,54E-02
2695,5;1,18E-02
2696,5;1,65E-02
2697,5;1,58E-02
2698,5;1,66E-02
2699,5;1,67E-02
2700,5;1,79E-02
2701,5;1,76E-02
2702,5;1,61E-02
2703,5;1,71E-02
2704,5;1,61E-02
2705,5;1,70E-02
2706,5;1,46E-02
2707,5;1,49E-02
2708,5;1,31E-02
2709,5;1,46E-02
2710,5;1,44E-02
2711,5;1,24E-02
2712,5;1,39E-02
2713,5;1,50E-02
2714,5;1,28E-02
2715,5;1,18E-02
2716,5;1,11E-02
2717,5;1,21E-02
2718,5;1,11E-02
2719,5;1,21E-02
2720,5;5,25E-03
2721,5;9,06E-03
2722,5;8,60E-03
2723,5;7,80E-03
2724,5;1,37E-02
2725,5;1,24E-02
2726,5;8,39E-03
2727,5;1,49E-02
2728,5;1,52E-02
2729,5;1,31E-02
2730,5;1,31E-02
2731,5;1,45E-02
2732,5;1,44E-02
2733,5;1,54E-02
2734,5;1,56E-02
2735,5;1,45E-02
2736,5;1,37E-02
2737,5;1,30E-02
2738,5;1,08E-02
2739,5;1,32E-02
2740,5;1,49E-02
2741,5;1,11E-02
2742,5;1,17E-02
2743,5;1,39E-02
2744,5;1,39E-02
2745,5;1,42E-02
2746,5;1,45E-02
2747,5;1,28E-02
2748,5;1,45E-02
2749,5;1,36E-02
2750,5;1,30E-02
2751,5;1,01E-02
2752,5;1,27E-02
2753,5;8,97E-03
2754,5;1,39E-02
2755,5;1,38E-02
2756,5;8,69E-03
2757,5;1,17E-02
2758,5;1,17E-02
2759,5;1,32E-02
2760,5;1,41E-02
2761,5;1,34E-02
2762,5;1,27E-02
2763,5;1,33E-02
2764,5;9,16E-03
2765,5;1,27E-02
2766,5;1,20E-02
2767,5;8,78E-03
2768,5;9,34E-03
2769,5;1,06E-02
2770,5;1,17E-02
2771,5;1,04E-02
2772,5;7,68E-03
2773,5;1,13E-02
2774,5;1,27E-02
2775,5;1,29E-02
2776,5;1,20E-02
2777,5;8,54E-03
2778,5;1,17E-02
2779,5;9,85E-03
2780,5;1,03E-02
2781,5;1,18E-02
2782,5;9,06E-03
2783,5;8,04E-03
2784,5;1,09E-02
2785,5;8,70E-03
2786,5;1,08E-02
2787,5;7,58E-03
2788,5;8,99E-03
2789,5;7,88E-03
2790,5;1,06E-02
2791,5;7,88E-03
2792,5;9,62E-03
2793,5;1,08E-02
2794,5;1,11E-02
2795,5;1,03E-02
2796,5;7,00E-03
2797,5;7,11E-03
2798,5;8,64E-03
2799,5;8,74E-03
2800,5;1,02E-02
2801,5;5,97E-03
2802,5;8,55E-03
2803,5;7,94E-03
2804,5;1,01E-02
2805,5;9,33E-03
2806,5;1,16E-02
2807,5;1,07E-02
2808,5;9,93E-03
2809,5;8,15E-03
2810,5;9,15E-03
2811,5;8,95E-03
2812,5;7,35E-03
2813,5;6,89E-03
2814,5;8,36E-03
2815,5;8,90E-03
2816,5;8,74E-03
2817,5;9,54E-03
2818,5;8,81E-03
2819,5;7,75E-03
2820,5;8,29E-03
2821,5;7,78E-03
2822,5;7,49E-03
2823,5;7,86E-03
2824,5;5,88E-03
2825,5;7,03E-03
2826,5;1,02E-02
2827,5;6,73E-03
2828,5;6,27E-03
2829,5;9,14E-03
2830,5;8,18E-03
2831,5;8,13E-03
2832,5;9,52E-03
2833,5;8,70E-03
2834,5;7,90E-03
2835,5;8,52E-03
2836,5;9,72E-03
2837,5;9,19E-03
2838,5;7,71E-03
2839,5;9,67E-03
2840,5;9,01E-03
2841,5;8,18E-03
2842,5;8,99E-03
2843,5;8,71E-03
2844,5;8,72E-03
2845,5;6,71E-03
2846,5;9,32E-03
2847,5;8,50E-03
2848,5;8,26E-03
2849,5;9,16E-03
2850,5;8,12E-03
2851,5;8,99E-03
2852,5;9,42E-03
2853,5;8,28E-03
2854,5;7,03E-03
2855,5;7,58E-03
2856,5;8,74E-03
2857,5;8,38E-03
2858,5;7,41E-03
2859,5;8,95E-03
2860,5;9,12E-03
2861,5;8,22E-03
2862,5;7,60E-03
2863,5;7,60E-03
2864,5;6,34E-03
2865,5;6,64E-03
2866,5;7,00E-03
2867,5;7,23E-03
2868,5;7,13E-03
2869,5;9,02E-03
2870,5;7,99E-03
2871,5;6,92E-03
2872,5;8,22E-03
2873,5;6,98E-03
2874,5;6,58E-03
2875,5;6,56E-03
2876,5;7,10E-03
2877,5;7,18E-03
2878,5;6,73E-03
2879,5;5,28E-03
2880,5;8,02E-03
2881,5;8,07E-03
2882,5;8,37E-03
2883,5;7,16E-03
2884,5;5,65E-03
2885,5;4,43E-03
2886,5;6,47E-03
2887,5;7,72E-03
2888,5;7,41E-03
2889,5;7,34E-03
2890,5;7,09E-03
2891,5;7,75E-03
2892,5;7,44E-03
2893,5;4,02E-03
2894,5;5,68E-03
2895,5;3,93E-03
2896,5;5,15E-03
2897,5;6,26E-03
2898,5;7,64E-03
2899,5;6,68E-03
2900,5;6,64E-03
2901,5;5,19E-03
2902,5;6,65E-03
2903,5;7,27E-03
2904,5;5,94E-03
2905,5;4,83E-03
2906,5;2,96E-03
2907,5;5,23E-03
2908,5;6,64E-03
2909,5;5,97E-03
2910,5;6,47E-03
2911,5;5,58E-03
2912,5;6,04E-03
2913,5;6,89E-03
2914,5;7,05E-03
2915,5;6,63E-03
2916,5;1,39E-03
2917,5;2,71E-03
2918,5;5,11E-03
2919,5;5,50E-03
2920,5;6,40E-03
2921,5;6,31E-03
2922,5;6,26E-03
2923,5;6,84E-03
2924,5;6,55E-03
2925,5;6,42E-03
2926,5;3,03E-03
2927,5;1,34E-03
2928,5;5,09E-03
2929,5;5,50E-03
2930,5;3,38E-03
2931,5;5,46E-03
2932,5;4,24E-03
2933,5;1,65E-03
2934,5;3,75E-03
2935,5;2,15E-03
2936,5;3,13E-03
2937,5;6,57E-04
2938,5;2,82E-03
2939,5;5,67E-03
2940,5;5,55E-03
2941,5;6,02E-03
2942,5;6,14E-03
2943,5;5,04E-03
2944,5;5,35E-03
2945,5;4,54E-03
2946,5;4,08E-03
2947,5;2,10E-03
2948,5;1,34E-03
2949,5;4,88E-03
2950,5;5,64E-03
2951,5;5,97E-03
2952,5;5,65E-03
2953,5;3,02E-03
2954,5;2,60E-03
2955,5;2,60E-03
2956,5;2,70E-03
2957,5;2,40E-03
2958,5;3,87E-04
2959,5;4,36E-03
2960,5;4,44E-03
2961,5;1,61E-03
2962,5;4,44E-03
2963,5;4,96E-03
2964,5;4,04E-03
2965,5;2,64E-03
2966,5;2,16E-03
2967,5;2,95E-03
2968,5;3,87E-04
2969,5;2,58E-03
2970,5;4,21E-03
2971,5;3,88E-03
2972,5;2,80E-03
2973,5;1,18E-03
2974,5;1,97E-03
2975,5;2,41E-03
2976,5;3,77E-03
2977,5;1,95E-03
2978,5;5,16E-04
2979,5;1,84E-03
2980,5;1,41E-03
2981,5;2,54E-03
2982,5;3,00E-03
2983,5;3,25E-03
2984,5;1,98E-03
2985,5;4,07E-03
2986,5;3,31E-03
2987,5;9,23E-04
2988,5;6,31E-04
2989,5;1,51E-03
2990,5;3,68E-03
2991,5;2,15E-03
2992,5;1,35E-03
2993,5;1,60E-03
2994,5;1,09E-03
2995,5;1,75E-03
2996,5;3,68E-03
2997,5;3,85E-03
2998,5;2,83E-03
2999,5;2,61E-03
